{"cameraMode":{"drawMode":0,"name":"Shaded","section":"Shading Mode"},"sceneLighting":false,"audioPlay":false,"sceneViewState":{"showFog":true,"showMaterialUpdate":false,"showSkybox":false,"showFlares":true,"showImageEffects":true,"showParticleSystems":true},"in2DMode":false,"pivot":{"x":-6.702323913574219,"y":-74.53607177734375,"z":175.57801818847657},"rotation":{"x":-0.22998574376106263,"y":0.018406281247735025,"z":-0.0043355245143175129,"w":-0.97303307056427},"size":186.1585235595703,"orthographic":false}