{"cameraMode":{"drawMode":0,"name":"Shaded","section":"Shading Mode"},"sceneLighting":false,"audioPlay":false,"sceneViewState":{"showFog":true,"showMaterialUpdate":false,"showSkybox":false,"showFlares":true,"showImageEffects":true,"showParticleSystems":true},"in2DMode":false,"pivot":{"x":-4.386147499084473,"y":16.465166091918947,"z":1.3230687379837037},"rotation":{"x":0.10001663863658905,"y":0.7775072455406189,"z":-0.12799356877803803,"w":0.6075432896614075},"size":4.739264488220215,"orthographic":false}