{"cameraMode":{"drawMode":0,"name":"Shaded","section":"Shading Mode"},"sceneLighting":false,"audioPlay":false,"sceneViewState":{"showFog":true,"showMaterialUpdate":false,"showSkybox":false,"showFlares":true,"showImageEffects":true,"showParticleSystems":true},"in2DMode":false,"pivot":{"x":6.312616348266602,"y":2.389349937438965,"z":-0.035547852516174319},"rotation":{"x":0.07134564220905304,"y":-0.0732458159327507,"z":0.005258127115666866,"w":0.9947550892829895},"size":11.901385307312012,"orthographic":false}