{"cameraMode":{"drawMode":0,"name":"Shaded","section":"Shading Mode"},"sceneLighting":false,"audioPlay":false,"sceneViewState":{"showFog":true,"showMaterialUpdate":false,"showSkybox":false,"showFlares":true,"showImageEffects":true,"showParticleSystems":true},"in2DMode":false,"pivot":{"x":0.17646265029907227,"y":2.246851682662964,"z":0.01661098003387451},"rotation":{"x":-0.2719435393810272,"y":-0.06201619654893875,"z":0.01756453700363636,"w":-0.9601522088050842},"size":10.349854469299317,"orthographic":false}