{"cameraMode":{"drawMode":0,"name":"Shaded","section":"Shading Mode"},"sceneLighting":true,"audioPlay":false,"sceneViewState":{"showFog":true,"showMaterialUpdate":false,"showSkybox":true,"showFlares":true,"showImageEffects":true,"showParticleSystems":true},"in2DMode":false,"pivot":{"x":0.176460862159729,"y":2.246851682662964,"z":0.016610920429229738},"rotation":{"x":-0.2719435393810272,"y":-0.06201619654893875,"z":0.01756453700363636,"w":-0.9601522088050842},"size":10.349862098693848,"orthographic":false}