{"cameraMode":{"drawMode":0,"name":"Shaded","section":"Shading Mode"},"sceneLighting":true,"audioPlay":false,"sceneViewState":{"showFog":true,"showMaterialUpdate":false,"showSkybox":true,"showFlares":true,"showImageEffects":true,"showParticleSystems":true},"in2DMode":false,"pivot":{"x":-0.7924570441246033,"y":8.834378242492676,"z":-22.712682723999025},"rotation":{"x":0.025157732889056207,"y":-0.0488678440451622,"z":-0.0012312243925407529,"w":-0.9984879493713379},"size":22.0,"orthographic":false}