{"cameraMode":{"drawMode":0,"name":"Shaded","section":"Shading Mode"},"sceneLighting":false,"audioPlay":false,"sceneViewState":{"showFog":true,"showMaterialUpdate":false,"showSkybox":false,"showFlares":true,"showImageEffects":true,"showParticleSystems":true},"in2DMode":false,"pivot":{"x":8.760000228881836,"y":7.460000038146973,"z":0.0},"rotation":{"x":-0.00189766485709697,"y":0.05696886032819748,"z":0.00010826602374436334,"w":0.9983741641044617},"size":4.286825656890869,"orthographic":false}