{"cameraMode":{"drawMode":0,"name":"Shaded","section":"Shading Mode"},"sceneLighting":true,"audioPlay":false,"sceneViewState":{"showFog":true,"showMaterialUpdate":false,"showSkybox":true,"showFlares":true,"showImageEffects":true,"showParticleSystems":true},"in2DMode":false,"pivot":{"x":11.234809875488282,"y":7.641024112701416,"z":-57.34163284301758},"rotation":{"x":-0.00189766485709697,"y":0.05696886032819748,"z":0.00010826602374436334,"w":0.9983741641044617},"size":4.286825656890869,"orthographic":false}