{"cameraMode":{"drawMode":0,"name":"Shaded","section":"Shading Mode"},"sceneLighting":false,"audioPlay":false,"sceneViewState":{"showFog":true,"showMaterialUpdate":false,"showSkybox":false,"showFlares":true,"showImageEffects":true,"showParticleSystems":true},"in2DMode":false,"pivot":{"x":-0.49850544333457949,"y":2.343256950378418,"z":4.550603866577148},"rotation":{"x":0.14892445504665376,"y":0.03557980805635452,"z":-0.005361334420740604,"w":0.988199770450592},"size":9.669594764709473,"orthographic":false}