{"cameraMode":{"drawMode":0,"name":"Shaded","section":"Shading Mode"},"sceneLighting":true,"audioPlay":false,"sceneViewState":{"showFog":true,"showMaterialUpdate":false,"showSkybox":true,"showFlares":true,"showImageEffects":true,"showParticleSystems":true},"in2DMode":false,"pivot":{"x":185.72007751464845,"y":-1148.0994873046875,"z":3392.48486328125},"rotation":{"x":0.16419434547424317,"y":0.026631759479641916,"z":-0.004432726185768843,"w":0.9860681295394898},"size":3749.916015625,"orthographic":false}